INSERT INTO Users (ID, FirstName, LastName, Email)
VALUES 
(1,'Goldarina','Gilvear','ggilvear0@youtu.be')
,(2,'Trula','Kirby','tkirby1@psu.edu')
,(3,'Washington','Prestwich','wprestwich2@deviantart.com')
,(4,'Shermy','Slavin','sslavin3@irs.gov')
,(5,'Kaila','McGarry','kmcgarry4@addtoany.com')
,(6,'Dominic','Blakeney','dblakeney5@guardian.co.uk')
,(7,'Jermain','Ginglell','jginglell6@time.com')
,(8,'Nara','Kleiser','nkleiser7@nyu.edu')
,(9,'Myrtie','Brisse','mbrisse8@theglobeandmail.com')
,(10,'Katerine','Klimowski','kklimowski9@paypal.com')
,(11,'Benedikt','Dailey','bdaileya@earthlink.net')
,(12,'Clerkclaude','Jurca','cjurcab@ask.com')
,(13,'Jewelle','Dart','jdartc@imdb.com')
,(14,'Maribeth','Morgan','mmorgand@pbs.org')
,(15,'Jannelle','Lawles','jlawlese@state.gov')
,(16,'Taddeusz','Pendall','tpendallf@pinterest.com')
,(17,'Patty','Brookes','pbrookesg@tumblr.com')
,(18,'Catherin','Gatward','cgatwardh@prlog.org')
,(19,'Mathe','Pywell','mpywelli@wikimedia.org')
,(20,'Kermie','Grzegorzewski','kgrzegorzewskij@berkeley.edu');


INSERT INTO Tasks (ID, UserID, TaskType, Completed, ShortDesc, DateStart, DateEnd)
VALUES 
 (1,3,'Todo',false,'natoque penatibus et magnis dis parturient montes nascetur ridiculus mus','2021/04/04','2021/06/24')
,(2,18,'Call',true,'eget congue eget semper rutrum nulla nunc purus phasellus in felis donec semper sapien a libero','2021/08/13','2021/05/28')
,(3,3,'Pause',true,'viverra eget congue eget semper rutrum nulla nunc purus phasellus in felis','2021/10/29','2021/06/05')
,(4,3,'Appointment',false,'mi sit amet lobortis sapien sapien non mi integer ac neque duis bibendum morbi','2021/07/10','2021/12/01')
,(5,14,'Pause',false,'morbi a ipsum integer a nibh in quis justo maecenas rhoncus aliquam lacus morbi quis tortor id nulla ultrices aliquet','2021/12/24','2021/12/13')
,(6,2,'Appointment',true,'mauris lacinia sapien quis libero nullam sit amet turpis elementum ligula vehicula consequat morbi a ipsum','2021/01/30','2021/05/23')
,(7,18,'Appointment',true,'lacus at turpis donec posuere metus vitae ipsum aliquam non mauris morbi non lectus aliquam sit amet diam in magna','2021/03/12','2021/04/11')
,(8,8,'Pause',true,'nulla ultrices aliquet maecenas leo odio condimentum id luctus nec','2021/03/18','2021/07/19')
,(9,15,'Todo',true,'nibh ligula nec sem duis aliquam convallis nunc proin at turpis a pede posuere','2021/01/28','2021/07/14')
,(10,15,'Todo',false,'augue a suscipit nulla elit ac nulla sed vel enim','2021/06/22','2021/03/28')
,(11,14,'Pause',false,'aliquet maecenas leo odio condimentum id luctus nec molestie sed justo','2021/10/09','2021/06/17')
,(12,13,'Pause',false,'at nulla suspendisse potenti cras in purus eu magna vulputate','2021/07/28','2021/01/17')
,(13,4,'Pause',false,'duis mattis egestas metus aenean fermentum donec ut mauris eget massa tempor convallis nulla neque libero convallis','2021/10/16','2021/04/23')
,(14,2,'Call',false,'sollicitudin vitae consectetuer eget rutrum at lorem integer tincidunt ante','2021/03/23','2021/07/30')
,(15,18,'Pause',false,'faucibus orci luctus et ultrices posuere cubilia curae nulla dapibus dolor vel est','2021/06/07','2021/04/03')
,(16,9,'Pause',true,'sed interdum venenatis turpis enim blandit mi in porttitor pede justo eu massa donec dapibus duis at velit eu','2021/05/29','2021/06/13')
,(17,7,'Todo',false,'nisl venenatis lacinia aenean sit amet justo morbi ut odio cras mi pede malesuada in imperdiet','2021/04/14','2021/12/16')
,(18,10,'Todo',false,'justo sit amet sapien dignissim vestibulum vestibulum ante ipsum primis in faucibus orci luctus et','2021/09/05','2021/10/29')
,(19,1,'Appointment',true,'in tempor turpis nec euismod scelerisque quam turpis adipiscing lorem vitae','2021/06/05','2021/08/28')
,(20,12,'Todo',true,'justo pellentesque viverra pede ac diam cras pellentesque volutpat dui maecenas','2021/01/02','2021/05/05')
,(21,13,'Pause',true,'nec dui luctus rutrum nulla tellus in sagittis dui vel nisl duis','2021/10/06','2021/11/10')
,(22,1,'Todo',true,'consequat ut nulla sed accumsan felis ut at dolor quis odio','2021/02/20','2021/01/08')
,(23,20,'Call',false,'id lobortis convallis tortor risus dapibus augue vel accumsan tellus nisi eu orci mauris lacinia sapien quis','2021/12/23','2021/09/28')
,(24,5,'Call',true,'eu interdum eu tincidunt in leo maecenas pulvinar lobortis est','2021/12/02','2021/06/19')
,(25,20,'Todo',false,'convallis nulla neque libero convallis eget eleifend luctus ultricies eu nibh quisque id justo sit amet sapien dignissim','2021/04/29','2021/09/10')
,(26,17,'Appointment',true,'platea dictumst morbi vestibulum velit id pretium iaculis diam erat fermentum justo nec condimentum neque sapien placerat ante nulla justo','2021/08/18','2021/05/08')
,(27,12,'Call',true,'sapien in sapien iaculis congue vivamus metus arcu adipiscing molestie hendrerit at vulputate vitae nisl','2021/01/13','2021/05/04')
,(28,17,'Pause',true,'proin risus praesent lectus vestibulum quam sapien varius ut blandit non interdum in ante','2021/05/17','2021/04/11')
,(29,14,'Pause',true,'enim blandit mi in porttitor pede justo eu massa donec dapibus duis at velit eu est congue elementum in','2021/04/17','2021/07/12')
,(30,13,'Pause',false,'vestibulum velit id pretium iaculis diam erat fermentum justo nec condimentum neque','2021/07/29','2021/02/06')
,(31,3,'Call',false,'feugiat et eros vestibulum ac est lacinia nisi venenatis tristique','2021/03/26','2021/06/07')
,(32,10,'Call',true,'velit donec diam neque vestibulum eget vulputate ut ultrices vel augue vestibulum ante ipsum primis','2021/02/05','2021/09/12')
,(33,9,'Pause',true,'bibendum imperdiet nullam orci pede venenatis non sodales sed tincidunt eu felis fusce posuere felis sed lacus','2021/12/14','2021/12/10')
,(34,9,'Todo',true,'augue aliquam erat volutpat in congue etiam justo etiam pretium iaculis','2021/09/16','2021/11/02')
,(35,1,'Todo',true,'donec quis orci eget orci vehicula condimentum curabitur in libero ut','2021/02/20','2021/05/11')
,(36,14,'Pause',false,'lobortis sapien sapien non mi integer ac neque duis bibendum morbi','2021/06/15','2021/12/17')
,(37,9,'Pause',true,'duis consequat dui nec nisi volutpat eleifend donec ut dolor morbi vel lectus','2021/07/09','2021/02/03')
,(38,9,'Todo',false,'potenti cras in purus eu magna vulputate luctus cum sociis natoque penatibus et magnis dis parturient','2021/12/24','2021/03/24')
,(39,15,'Todo',false,'integer aliquet massa id lobortis convallis tortor risus dapibus augue vel accumsan tellus nisi eu orci','2021/06/24','2021/01/08')
,(40,7,'Todo',false,'auctor gravida sem praesent id massa id nisl venenatis lacinia aenean sit amet justo','2021/09/23','2021/04/26')
,(41,1,'Pause',true,'malesuada in imperdiet et commodo vulputate justo in blandit ultrices','2021/09/24','2021/01/07')
,(42,13,'Pause',true,'blandit lacinia erat vestibulum sed magna at nunc commodo placerat praesent blandit','2021/04/24','2021/12/22')
,(43,3,'Appointment',false,'gravida nisi at nibh in hac habitasse platea dictumst aliquam augue quam sollicitudin vitae consectetuer eget','2021/06/04','2021/03/03')
,(44,10,'Call',false,'id luctus nec molestie sed justo pellentesque viverra pede ac diam cras pellentesque volutpat dui maecenas tristique est et tempus','2021/02/21','2021/10/10')
,(45,13,'Appointment',false,'eros vestibulum ac est lacinia nisi venenatis tristique fusce congue','2021/08/04','2021/09/17')
,(46,5,'Appointment',true,'eget eleifend luctus ultricies eu nibh quisque id justo sit amet sapien dignissim','2021/03/11','2021/04/24')
,(47,17,'Appointment',true,'potenti in eleifend quam a odio in hac habitasse platea dictumst maecenas ut massa quis augue','2021/07/27','2021/06/21')
,(48,1,'Appointment',true,'eget eros elementum pellentesque quisque porta volutpat erat quisque erat eros viverra eget congue eget semper rutrum','2021/12/14','2021/03/24')
,(49,1,'Pause',false,'neque sapien placerat ante nulla justo aliquam quis turpis eget elit sodales scelerisque mauris sit','2021/10/23','2021/08/21')
,(50,4,'Call',false,'ipsum primis in faucibus orci luctus et ultrices posuere cubilia curae','2021/12/27','2021/06/02')
,(51,16,'Call',false,'quam sapien varius ut blandit non interdum in ante vestibulum ante ipsum primis in faucibus orci luctus et','2021/04/06','2021/08/26')
,(52,14,'Pause',false,'placerat ante nulla justo aliquam quis turpis eget elit sodales scelerisque mauris sit amet eros suspendisse accumsan tortor quis turpis','2021/03/08','2021/07/22')
,(53,5,'Call',false,'dignissim vestibulum vestibulum ante ipsum primis in faucibus orci luctus et ultrices posuere cubilia curae nulla','2021/07/01','2021/09/23')
,(54,2,'Call',true,'ut tellus nulla ut erat id mauris vulputate elementum nullam varius nulla facilisi cras non velit nec nisi vulputate nonummy','2021/12/15','2021/11/25')
,(55,9,'Pause',false,'mauris enim leo rhoncus sed vestibulum sit amet cursus id turpis integer aliquet massa id lobortis convallis tortor risus','2021/02/18','2021/12/18')
,(56,2,'Call',true,'id ligula suspendisse ornare consequat lectus in est risus auctor sed tristique in tempus sit amet sem','2021/06/12','2021/01/07')
,(57,17,'Call',false,'potenti nullam porttitor lacus at turpis donec posuere metus vitae ipsum aliquam non','2021/02/19','2021/04/29')
,(58,8,'Pause',true,'metus arcu adipiscing molestie hendrerit at vulputate vitae nisl aenean lectus pellentesque eget nunc donec','2021/02/17','2021/03/28')
,(59,3,'Todo',false,'donec quis orci eget orci vehicula condimentum curabitur in libero ut massa','2021/09/06','2021/04/30')
,(60,2,'Todo',true,'cursus id turpis integer aliquet massa id lobortis convallis tortor risus dapibus augue vel accumsan tellus nisi eu orci mauris','2021/12/22','2021/10/02')
,(61,14,'Todo',true,'nulla ultrices aliquet maecenas leo odio condimentum id luctus nec molestie sed justo pellentesque','2021/11/29','2021/10/09')
,(62,4,'Todo',true,'at lorem integer tincidunt ante vel ipsum praesent blandit lacinia erat vestibulum sed magna at nunc commodo','2021/10/13','2021/09/18')
,(63,18,'Appointment',true,'ac nulla sed vel enim sit amet nunc viverra dapibus nulla suscipit','2021/04/05','2021/06/03')
,(64,6,'Pause',false,'ante vivamus tortor duis mattis egestas metus aenean fermentum donec ut mauris eget massa tempor convallis nulla neque','2021/05/09','2021/06/26')
,(65,11,'Call',false,'erat fermentum justo nec condimentum neque sapien placerat ante nulla justo aliquam quis','2021/11/25','2021/04/14')
,(66,11,'Todo',true,'ut ultrices vel augue vestibulum ante ipsum primis in faucibus orci luctus et ultrices posuere','2021/05/16','2021/03/07')
,(67,12,'Appointment',false,'nulla suscipit ligula in lacus curabitur at ipsum ac tellus semper interdum mauris ullamcorper purus','2021/06/13','2021/04/12')
,(68,18,'Appointment',false,'cras mi pede malesuada in imperdiet et commodo vulputate justo in blandit ultrices enim lorem','2021/05/14','2021/11/18')
,(69,15,'Call',true,'purus phasellus in felis donec semper sapien a libero nam dui proin leo odio porttitor id consequat in consequat ut','2021/12/17','2021/12/25')
,(70,7,'Call',true,'sapien placerat ante nulla justo aliquam quis turpis eget elit sodales scelerisque mauris sit amet eros suspendisse accumsan','2021/03/26','2021/05/31')
,(71,6,'Appointment',false,'in congue etiam justo etiam pretium iaculis justo in hac habitasse platea dictumst etiam faucibus cursus urna ut','2021/05/13','2021/10/09')
,(72,4,'Appointment',false,'aenean lectus pellentesque eget nunc donec quis orci eget orci vehicula condimentum curabitur in libero','2021/11/03','2021/08/18')
,(73,5,'Todo',false,'turpis adipiscing lorem vitae mattis nibh ligula nec sem duis aliquam convallis nunc proin at turpis a','2021/12/17','2021/01/30')
,(74,3,'Appointment',false,'et ultrices posuere cubilia curae nulla dapibus dolor vel est donec odio justo sollicitudin ut suscipit a','2021/07/18','2021/05/05')
,(75,3,'Pause',true,'congue eget semper rutrum nulla nunc purus phasellus in felis','2021/11/20','2021/10/17')
,(76,5,'Pause',false,'turpis donec posuere metus vitae ipsum aliquam non mauris morbi non lectus aliquam sit amet diam in magna bibendum imperdiet','2021/09/16','2021/09/17')
,(77,14,'Appointment',true,'at nibh in hac habitasse platea dictumst aliquam augue quam sollicitudin vitae consectetuer eget rutrum at lorem integer','2021/01/07','2021/07/07')
,(78,7,'Appointment',true,'varius integer ac leo pellentesque ultrices mattis odio donec vitae','2021/06/16','2021/11/20')
,(79,18,'Call',false,'in tempor turpis nec euismod scelerisque quam turpis adipiscing lorem vitae mattis nibh ligula nec sem','2021/09/12','2021/08/05')
,(80,11,'Pause',true,'eros suspendisse accumsan tortor quis turpis sed ante vivamus tortor duis mattis egestas metus aenean fermentum','2021/01/03','2021/04/11')
,(81,13,'Appointment',false,'congue vivamus metus arcu adipiscing molestie hendrerit at vulputate vitae nisl','2021/10/05','2021/09/30')
,(82,19,'Appointment',false,'sodales scelerisque mauris sit amet eros suspendisse accumsan tortor quis turpis sed ante vivamus tortor duis mattis egestas metus aenean','2021/05/29','2021/05/28')
,(83,5,'Call',true,'scelerisque quam turpis adipiscing lorem vitae mattis nibh ligula nec sem duis','2021/02/04','2021/05/31')
,(84,14,'Todo',false,'cursus id turpis integer aliquet massa id lobortis convallis tortor risus dapibus augue vel accumsan tellus nisi eu','2021/07/06','2021/02/22')
,(85,19,'Call',true,'in hac habitasse platea dictumst etiam faucibus cursus urna ut tellus nulla ut erat id mauris vulputate elementum','2021/10/11','2021/09/06')
,(86,8,'Todo',false,'a feugiat et eros vestibulum ac est lacinia nisi venenatis tristique fusce congue','2021/03/09','2021/05/03')
,(87,4,'Pause',true,'feugiat et eros vestibulum ac est lacinia nisi venenatis tristique fusce congue diam','2021/02/13','2021/07/13')
,(88,18,'Todo',true,'enim blandit mi in porttitor pede justo eu massa donec dapibus duis at velit eu est congue','2021/07/26','2021/03/07')
,(89,1,'Pause',true,'at turpis a pede posuere nonummy integer non velit donec diam neque vestibulum eget vulputate ut ultrices vel augue','2021/05/30','2021/07/04')
,(90,17,'Todo',false,'posuere cubilia curae duis faucibus accumsan odio curabitur convallis duis consequat dui','2021/04/13','2021/12/13')
,(91,9,'Appointment',false,'nisi volutpat eleifend donec ut dolor morbi vel lectus in quam fringilla rhoncus mauris enim leo rhoncus','2021/08/08','2021/05/12')
,(92,19,'Appointment',false,'montes nascetur ridiculus mus vivamus vestibulum sagittis sapien cum sociis natoque penatibus et magnis dis','2021/07/21','2021/04/21')
,(93,20,'Todo',false,'duis aliquam convallis nunc proin at turpis a pede posuere','2021/08/12','2021/10/10')
,(94,2,'Todo',true,'purus eu magna vulputate luctus cum sociis natoque penatibus et magnis dis parturient montes nascetur','2021/07/14','2021/04/28')
,(95,10,'Todo',true,'interdum mauris non ligula pellentesque ultrices phasellus id sapien in sapien iaculis congue vivamus metus arcu adipiscing molestie hendrerit','2021/04/21','2021/04/07')
,(96,15,'Call',false,'odio condimentum id luctus nec molestie sed justo pellentesque viverra pede ac diam','2021/04/06','2021/04/29')
,(97,2,'Appointment',true,'sociis natoque penatibus et magnis dis parturient montes nascetur ridiculus mus etiam vel augue','2021/05/12','2021/07/13')
,(98,1,'Pause',true,'quis lectus suspendisse potenti in eleifend quam a odio in hac','2021/03/28','2021/07/03')
,(99,7,'Todo',false,'sed vestibulum sit amet cursus id turpis integer aliquet massa id lobortis convallis tortor risus dapibus augue vel accumsan','2021/01/19','2021/06/12')
,(100,10,'Todo',true,'ut massa quis augue luctus tincidunt nulla mollis molestie lorem quisque ut erat','2021/09/20','2021/11/05');


INSERT INTO TaskInfos (ID, Field1, Field2, Field3, Field4)
VALUES
 (1,'dui vel nisl duis ac nibh fusce lacus purus aliquet at feugiat non pretium quis',878,true,'eu nibh quisque id justo sit amet sapien dignissim vestibulum')
,(2,'nulla integer pede',882,true,'""')
,(3,'convallis morbi odio odio elementum eu interdum eu tincidunt in leo maecenas pulvinar lobortis est phasellus sit amet erat nulla',383,true,'venenatis turpis enim blandit mi in porttitor pede justo eu')
,(4,'semper sapien a libero nam dui proin leo odio porttitor id consequat in consequat ut nulla sed accumsan felis',736,false,'turpis')
,(5,'blandit mi in porttitor pede justo eu massa donec dapibus duis',835,true,'pellentesque at nulla suspendisse potenti')
,(6,'mi integer ac neque duis bibendum morbi',831,true,'imperdiet')
,(7,'tincidunt ante vel ipsum praesent blandit lacinia erat vestibulum sed magna',103,true,'""')
,(8,'pellentesque volutpat dui maecenas tristique est et tempus semper est quam pharetra magna ac',145,false,NULL)
,(9,'suscipit a feugiat',735,false,'diam id ornare imperdiet sapien urna pretium nisl ut volutpat')
,(10,'cubilia',911,true,'duis faucibus accumsan odio')
,(11,'nullam porttitor lacus at turpis donec posuere metus vitae',4,true,'""')
,(12,'sed lacus morbi sem mauris laoreet ut rhoncus aliquet pulvinar sed nisl nunc rhoncus dui vel sem sed',245,false,'ligula nec sem duis aliquam convallis nunc proin')
,(13,'ut odio cras mi pede malesuada in',424,false,'sed magna at nunc commodo placerat praesent blandit')
,(14,'nunc purus phasellus in felis donec semper sapien a libero nam dui proin leo odio porttitor',121,false,'in tempor turpis nec')
,(15,'eu sapien cursus',716,false,'maecenas tincidunt lacus at velit vivamus vel nulla eget')
,(16,'in quis justo maecenas rhoncus aliquam lacus morbi quis tortor id',332,false,NULL)
,(17,'ultrices enim lorem ipsum dolor sit amet consectetuer adipiscing elit proin interdum mauris non',589,false,'ut suscipit a feugiat et eros vestibulum ac est')
,(18,'ac nibh fusce lacus purus aliquet at feugiat non pretium quis lectus suspendisse potenti in eleifend quam a odio',772,false,'ornare imperdiet sapien urna pretium nisl ut')
,(19,'in lacus curabitur at ipsum ac tellus semper interdum mauris ullamcorper purus sit amet nulla quisque arcu libero',591,true,'rutrum neque aenean auctor gravida sem praesent id massa')
,(20,'""',512,true,'morbi vel lectus in quam fringilla rhoncus mauris')
,(21,'pede libero quis orci nullam molestie nibh in',712,true,'""')
,(22,'in eleifend quam a odio in hac habitasse platea dictumst maecenas ut',162,true,'maecenas')
,(23,'nisl venenatis lacinia aenean sit amet justo morbi ut odio cras mi pede malesuada',816,true,'consequat nulla nisl')
,(24,'luctus et ultrices posuere cubilia curae duis faucibus accumsan odio curabitur convallis duis consequat dui nec nisi volutpat eleifend',540,true,'magna ac consequat metus sapien ut nunc vestibulum ante ipsum')
,(25,'id sapien in sapien iaculis congue vivamus metus arcu',133,true,'""')
,(26,'sagittis dui vel nisl duis ac nibh fusce lacus purus aliquet at feugiat non pretium',24,false,NULL)
,(27,'mauris vulputate elementum nullam varius nulla facilisi cras',100,true,'nam congue risus semper porta volutpat quam pede')
,(28,'velit',838,false,'at nulla suspendisse potenti cras')
,(29,'eros elementum pellentesque quisque porta volutpat erat quisque erat eros viverra eget congue eget semper rutrum nulla',801,true,NULL)
,(30,'etiam vel augue vestibulum rutrum rutrum neque',238,false,'ut erat id mauris vulputate elementum nullam varius nulla')
,(31,'primis in faucibus orci luctus et ultrices',998,false,'sed magna at nunc')
,(32,'velit',565,false,'""')
,(33,'lobortis ligula sit amet eleifend pede libero quis',515,false,'scelerisque mauris sit amet eros suspendisse accumsan tortor quis turpis')
,(34,'""',907,true,NULL)
,(35,'ante ipsum primis',199,false,'interdum mauris')
,(36,'eros elementum pellentesque quisque porta volutpat erat quisque erat eros',488,true,'ipsum primis')
,(37,'elit proin interdum',151,true,'odio cras mi pede malesuada in imperdiet')
,(38,'at vulputate vitae nisl aenean lectus',352,true,'turpis donec posuere metus vitae ipsum aliquam non mauris')
,(39,'volutpat dui maecenas tristique est et tempus semper est quam pharetra magna',587,false,'sapien')
,(40,'morbi quis tortor id nulla ultrices aliquet maecenas leo odio condimentum id luctus nec molestie sed justo pellentesque viverra',471,false,'vel enim')
,(41,'elit ac nulla sed vel enim sit amet nunc viverra dapibus nulla suscipit ligula in lacus curabitur at',497,true,'sed sagittis nam congue')
,(42,'dui vel sem sed sagittis nam congue',963,true,'amet sapien dignissim vestibulum')
,(43,'pharetra magna vestibulum aliquet ultrices erat tortor sollicitudin mi sit amet lobortis sapien sapien',687,true,'ipsum')
,(44,'sem mauris',715,true,'""')
,(45,'sapien in',892,true,'""')
,(46,'nullam molestie nibh in lectus pellentesque at nulla suspendisse potenti cras in purus eu magna vulputate luctus cum sociis natoque',918,false,'quis orci eget')
,(47,'nisl',663,true,'""')
,(48,'dignissim vestibulum vestibulum ante ipsum primis in faucibus orci luctus et ultrices posuere cubilia curae nulla dapibus',892,false,'pede')
,(49,'neque libero convallis eget eleifend luctus',981,true,'""')
,(50,'vestibulum',16,true,'ultrices erat tortor sollicitudin mi sit amet lobortis sapien')
,(51,'quam sapien varius ut blandit non interdum in ante vestibulum ante ipsum primis in faucibus orci luctus et ultrices posuere',652,true,'libero rutrum ac lobortis vel dapibus at')
,(52,'turpis eget elit sodales scelerisque mauris sit',73,true,'convallis duis consequat dui nec nisi volutpat eleifend')
,(53,'ultrices enim lorem ipsum dolor sit amet consectetuer adipiscing elit proin interdum mauris non ligula pellentesque ultrices phasellus id',856,false,'in felis donec')
,(54,'nisi volutpat eleifend donec ut dolor morbi vel lectus in quam fringilla rhoncus mauris enim',760,false,'est risus auctor sed tristique')
,(55,'odio odio elementum eu interdum eu tincidunt in',187,true,'lorem ipsum dolor sit amet consectetuer adipiscing elit proin risus praesent lectus vestibulum quam sapien varius ut blandit non interdum in ante vestibulum ante ipsum primis in faucibus orci luctus et ultrices posuere cubilia curae duis faucibus accumsan odio curabitur convallis duis consequat dui nec nisi volutpat eleifend donec ut dolor morbi vel lectus in quam fringilla rhoncus mauris enim leo rhoncus sed vestibulum sit amet cursus id turpis integer aliquet massa id lobortis convallis tortor risus dapibus augue vel accumsan tellus nisi eu orci mauris lacinia sapien quis libero nullam sit amet turpis elementum ligula vehicula consequat morbi a ipsum integer a nibh in quis justo maecenas rhoncus aliquam lacus morbi quis tortor id nulla ultrices aliquet maecenas leo odio condimentum id luctus nec molestie sed justo pellentesque viverra pede ac diam cras pellentesque volutpat dui maecenas tristique est et tempus semper est quam pharetra magna ac consequat metus sapien ut nunc vestibulum ante ipsum primis in faucibus orci luctus et ultrices posuere cubilia curae mauris viverra diam vitae quam suspendisse potenti nullam porttitor lacus at turpis donec posuere metus vitae ipsum aliquam non mauris morbi non lectus aliquam sit amet diam in magna bibendum imperdiet nullam orci pede venenatis non sodales sed tincidunt eu felis fusce posuere felis sed lacus morbi sem mauris laoreet ut rhoncus aliquet pulvinar sed nisl nunc rhoncus dui vel sem sed sagittis nam congue risus semper porta volutpat quam pede lobortis ligula sit amet eleifend pede libero quis orci nullam molestie nibh in lectus pellentesque at nulla suspendisse potenti cras in purus eu magna vulputate luctus cum sociis natoque penatibus et magnis dis parturient montes nascetur ridiculus mus vivamus vestibulum sagittis sapien cum sociis natoque penatibus et magnis dis parturient montes nascetur ridiculus mus etiam vel augue vestibulum rutrum rutrum neque aenean auctor gravida sem praesent id massa id nisl venenatis lacinia aenean sit amet justo morbi ut odio cras mi pede malesuada in imperdiet et commodo vulputate justo in blandit ultrices enim lorem ipsum dolor sit amet consectetuer adipiscing elit proin interdum mauris non ligula pellentesque ultrices phasellus id sapien in sapien iaculis congue vivamus metus arcu adipiscing molestie hendrerit at vulputate vitae nisl aenean lectus pellentesque eget nunc donec quis orci eget orci vehicula condimentum curabitur in libero ut massa volutpat convallis morbi odio odio elementum eu interdum eu tincidunt in leo maecenas pulvinar lobortis est phasellus sit amet erat nulla tempus vivamus in felis eu sapien cursus vestibulum proin eu mi nulla ac enim in tempor turpis nec euismod scelerisque quam turpis adipiscing lorem vitae mattis nibh ligula nec sem duis aliquam convallis nunc proin at turpis a pede posuere nonummy integer non velit donec diam neque vestibulum eget vulputate ut ultrices vel augue vestibulum ante ipsum primis in faucibus orci luctus et ultrices posuere cubilia curae donec pharetra magna vestibulum aliquet ultrices erat tortor sollicitudin mi sit amet lobortis sapien sapien non mi integer ac neque duis bibendum morbi non quam nec dui luctus rutrum nulla tellus in sagittis dui vel nisl duis ac nibh fusce lacus purus aliquet at feugiat non pretium quis lectus suspendisse potenti in eleifend quam a odio in hac habitasse platea dictumst maecenas ut massa quis augue luctus tincidunt nulla mollis molestie lorem quisque ut erat curabitur gravida nisi at nibh in hac habitasse platea dictumst aliquam augue quam sollicitudin vitae consectetuer eget rutrum at lorem integer tincidunt ante vel ipsum praesent blandit lacinia erat vestibulum sed magna at nunc commodo placerat praesent blandit nam nulla integer pede justo lacinia eget tincidunt eget tempus vel pede morbi porttitor lorem id ligula suspendisse ornare consequat lectus in est risus auctor sed tristique in tempus sit amet sem fusce consequat nulla nisl nunc nisl duis bibendum felis sed interdum venenatis turpis enim blandit mi in porttitor pede justo eu massa donec dapibus duis at velit eu est congue elementum in hac habitasse platea dictumst morbi vestibulum velit id pretium iaculis diam erat fermentum justo nec condimentum neque sapien placerat ante nulla justo aliquam quis turpis eget elit sodales scelerisque mauris sit amet eros suspendisse accumsan tortor quis turpis sed ante vivamus tortor duis mattis egestas metus aenean fermentum donec ut mauris eget massa tempor convallis nulla neque libero convallis eget eleifend luctus ultricies eu nibh quisque id justo sit amet sapien dignissim vestibulum vestibulum ante ipsum primis in faucibus orci luctus et ultrices posuere cubilia curae nulla dapibus dolor vel est donec odio justo sollicitudin ut suscipit a feugiat et eros vestibulum ac est lacinia nisi venenatis tristique fusce congue diam id ornare imperdiet sapien urna pretium nisl ut volutpat sapien arcu sed augue aliquam erat volutpat in congue etiam justo etiam pretium iaculis justo in hac habitasse platea dictumst etiam faucibus cursus urna ut tellus nulla ut erat id mauris vulputate elementum nullam varius nulla facilisi cras non velit nec nisi vulputate nonummy maecenas tincidunt lacus at velit vivamus vel nulla eget eros elementum pellentesque quisque porta volutpat erat quisque erat eros viverra eget congue eget semper rutrum nulla nunc purus phasellus in felis donec semper sapien a libero nam dui proin leo odio porttitor id consequat in consequat ut nulla sed accumsan felis ut at dolor quis odio consequat varius integer ac leo pellentesque ultrices mattis odio donec vitae nisi nam ultrices libero non mattis pulvinar nulla pede ullamcorper augue a suscipit nulla elit ac nulla sed vel enim sit amet nunc viverra dapibus nulla suscipit ligula in lacus curabitur at ipsum ac tellus semper interdum mauris ullamcorper purus sit amet nulla quisque arcu libero rutrum ac lobortis vel dapibus at diam nam tristique tortor eu pede')
,(56,'vulputate vitae nisl aenean lectus pellentesque eget nunc donec quis orci eget',162,false,NULL)
,(57,'lectus suspendisse',404,false,'velit id')
,(58,'proin risus praesent lectus vestibulum quam sapien varius ut blandit non interdum in ante vestibulum ante ipsum primis in',667,false,NULL)
,(59,'mauris non ligula pellentesque ultrices phasellus id sapien in',342,true,'molestie')
,(60,'integer pede justo lacinia eget tincidunt eget tempus vel pede morbi',185,false,NULL)
,(61,'quis',181,true,'suspendisse accumsan tortor quis turpis sed ante vivamus tortor')
,(62,'ac neque duis bibendum morbi non quam nec dui luctus rutrum nulla tellus in sagittis',284,false,'consequat morbi a ipsum integer a nibh in quis')
,(63,'et ultrices posuere cubilia curae donec pharetra magna vestibulum aliquet ultrices erat tortor sollicitudin mi sit amet lobortis',864,true,'nisl')
,(64,'a nibh in quis justo',186,false,'""')
,(65,'ultricies eu nibh quisque id justo sit amet sapien dignissim vestibulum vestibulum ante ipsum primis',44,false,'sagittis sapien cum sociis natoque penatibus et magnis dis')
,(66,'vulputate vitae nisl aenean lectus',657,false,'est risus auctor sed tristique in tempus')
,(67,'""',450,true,'mauris viverra diam vitae quam suspendisse potenti nullam')
,(68,'ante',336,false,NULL)
,(69,'sollicitudin ut suscipit a',269,true,'""')
,(70,'vehicula consequat morbi a ipsum integer a nibh in quis justo maecenas rhoncus aliquam lacus morbi',432,false,'pede ullamcorper augue a suscipit')
,(71,'vel nulla eget eros elementum pellentesque quisque porta volutpat erat quisque erat eros viverra eget congue eget semper rutrum nulla',716,false,'erat volutpat in')
,(72,'elementum pellentesque',522,false,NULL)
,(73,'commodo placerat praesent blandit nam nulla integer pede justo lacinia eget',100,true,'sapien')
,(74,'nulla dapibus dolor vel est donec odio justo sollicitudin ut suscipit a',543,false,'lectus in est risus')
,(75,'""',661,false,'pretium quis lectus')
,(76,'cum sociis natoque penatibus et magnis dis parturient',385,false,NULL)
,(77,'ligula vehicula consequat morbi a ipsum integer a',292,false,'tortor quis turpis sed ante vivamus tortor duis mattis')
,(78,'mi sit',893,false,'ultrices aliquet maecenas leo')
,(79,'""',185,false,'congue')
,(80,'varius ut blandit non interdum in ante vestibulum ante',438,true,'lorem integer tincidunt ante vel ipsum')
,(81,'penatibus et magnis dis parturient montes nascetur ridiculus mus vivamus vestibulum sagittis sapien cum sociis natoque penatibus et',779,true,'elementum pellentesque quisque')
,(82,'sed interdum venenatis turpis enim blandit',5,true,'montes nascetur ridiculus mus etiam vel augue vestibulum')
,(83,'accumsan odio curabitur convallis duis consequat',48,true,'a feugiat et eros vestibulum ac est')
,(84,'donec ut mauris eget massa tempor convallis nulla neque',409,true,'gravida sem praesent id')
,(85,'pede ac',774,true,'facilisi cras non velit nec nisi vulputate')
,(86,'justo pellentesque viverra pede ac diam cras pellentesque volutpat dui maecenas tristique est et tempus semper est',509,true,'vestibulum ante ipsum primis in faucibus orci luctus')
,(87,'lobortis sapien sapien non mi integer ac neque duis bibendum morbi',874,false,'""')
,(88,'aenean lectus pellentesque eget nunc donec quis orci eget orci vehicula condimentum curabitur in libero',75,false,NULL)
,(89,'""',88,true,'ipsum primis')
,(90,'""',108,false,'in felis donec')
,(91,'vestibulum aliquet ultrices',810,true,'sapien dignissim vestibulum vestibulum ante ipsum primis in faucibus orci')
,(92,'urna ut tellus nulla ut erat id',729,false,'dictumst aliquam augue quam sollicitudin vitae')
,(93,'sodales sed tincidunt eu felis fusce posuere felis sed lacus morbi sem mauris laoreet ut rhoncus',997,false,'rutrum nulla nunc purus phasellus in felis donec semper')
,(94,'nulla ac',499,false,'velit eu est congue elementum in hac habitasse platea dictumst')
,(95,'aenean sit amet justo morbi ut',441,false,'luctus et ultrices posuere cubilia curae')
,(96,'id turpis integer aliquet massa id lobortis convallis tortor risus dapibus augue',947,false,'porta volutpat quam pede lobortis ligula sit amet eleifend')
,(97,'nullam porttitor lacus at',927,false,'""')
,(98,'""',330,false,'aliquam augue quam')
,(99,'nulla nisl',251,true,'turpis')
,(100,'suspendisse potenti in eleifend quam a odio in hac habitasse platea dictumst maecenas',947,false,'nisi eu orci mauris lacinia sapien');
